Estado,Municipio,CP,Colonia,latitude,longitude
DF,Alvaro Obregon,01000,San Angel,19.36002,-99.193492
DF,Alvaro Obregon,01010,Los Alpes,19.36001,-99.193493
DF,Alvaro Obregon,01020,Guadalupe Inn,19.357245,-99.187141
DF,Alvaro Obregon,01029,INFONAVIT,19.357605,-99.181188
DF,Alvaro Obregon,01030,Florida,19.357605,-99.181188
DF,Alvaro Obregon,01030,Axotla,19.357605,-99.181188
DF,Alvaro Obregon,01040,Campestre,19.35557,-99.193298
DF,Alvaro Obregon,01048,Las Aguilas,19.36667,-99.2
DF,Alvaro Obregon,01049,Tlacopac,19.35363,-99.197277
DF,Alvaro Obregon,01050,Ex-Hacienda de Guadalupe Chimalistac,19.35363,-99.197277
DF,Alvaro Obregon,01060,Altavista,19.34782,-99.199792
DF,Alvaro Obregon,01060,San Angel Inn,19.34782,-99.199792
DF,Alvaro Obregon,01070,Chimalistac,19.343885,-99.186296
DF,Alvaro Obregon,01080,Progreso Tizapan,19.334985,-99.204978
DF,Alvaro Obregon,01089,Ermita Tizapan,19.337695,-99.201708
DF,Alvaro Obregon,01090,Loreto,19.33983,-99.197322
DF,Alvaro Obregon,01090,Tizapan,19.33983,-99.197322
DF,Alvaro Obregon,01090,La Otra Banda,19.33983,-99.197322
DF,Alvaro Obregon,01100,Polvora,19.33983,-99.197322
DF,Alvaro Obregon,01109,La Conchita,19.391415,-99.20881
DF,Alvaro Obregon,01110,Ampliacion El Capulin,19.39415,-99.213055
DF,Alvaro Obregon,01110,Belem de las Flores,19.39415,-99.213055
DF,Alvaro Obregon,01110,El Capulin,19.39415,-99.213055
DF,Alvaro Obregon,01110,Liberales de 1857,19.39415,-99.213055
DF,Alvaro Obregon,01120,Cove,19.40059,-99.198199
DF,Alvaro Obregon,01120,Acueducto,19.40059,-99.198199
DF,Alvaro Obregon,01120,Hidalgo,19.40059,-99.198199
DF,Alvaro Obregon,01120,Las Americas,19.40059,-99.198199
DF,Alvaro Obregon,01125,Ampliacion Acueducto,19.39792,-99.203253
DF,Alvaro Obregon,01130,Molino de Santo Domingo,19.396,-99.201942
DF,Alvaro Obregon,01130,Paraiso,19.396,-99.201942
DF,Alvaro Obregon,01130,Real del Monte,19.396,-99.201942
DF,Alvaro Obregon,01139,Reacomodo Pino Suarez,19.394035,-99.20752
DF,Alvaro Obregon,01140,Bellavista,19.39715,-99.193381
DF,Alvaro Obregon,01140,Jose Maria Pino Suarez,19.39715,-99.193381
DF,Alvaro Obregon,01150,Cristo Rey,19.39116,-99.19527
DF,Alvaro Obregon,01150,Tolteca,19.39116,-99.19527
DF,Alvaro Obregon,01159,Delegacion Politica Alvaro Obregon,19.386305,-99.209082
DF,Alvaro Obregon,01160,Isidro Fabela,19.386305,-99.209082
DF,Alvaro Obregon,01160,Bosque,19.386305,-99.209082
DF,Alvaro Obregon,01160,Maria G. de Garcia Ruiz,19.386305,-99.209082
DF,Alvaro Obregon,01160,1a Victoria,19.386305,-99.209082
DF,Alvaro Obregon,01170,Abraham M. Gonzalez,19.386305,-99.209082
DF,Alvaro Obregon,01170,Santa Fe IMSS,19.386305,-99.209082
DF,Alvaro Obregon,01180,8 de Agosto,19.39261,-99.191048
DF,Alvaro Obregon,01180,Carola,19.39261,-99.191048
DF,Alvaro Obregon,01180,San Pedro de los Pinos,19.39261,-99.191048
DF,Alvaro Obregon,01200,Arturo Martinez,19.38485,-99.194741
DF,Alvaro Obregon,01210,Santa Fe,19.38278,-99.240407
DF,Alvaro Obregon,01219,Lomas de Santa Fe,19.386355,-99.239987
DF,Alvaro Obregon,01220,Martires de Tacubaya,19.388165,-99.218119
DF,Alvaro Obregon,01220,Bonanza,19.388165,-99.218119
DF,Alvaro Obregon,01220,Cuevitas,19.388165,-99.218119
DF,Alvaro Obregon,01220,Zenon Delgado,19.388165,-99.218119
DF,Alvaro Obregon,01220,El Cuernito,19.388165,-99.218119
DF,Alvaro Obregon,01220,La Estrella,19.388165,-99.218119
DF,Alvaro Obregon,01230,Tlapechico,19.38002,-99.23786
DF,Alvaro Obregon,01230,El Piru 2a Ampliacion,19.38002,-99.23786
DF,Alvaro Obregon,01230,Los Gamitos,19.38002,-99.23786
DF,Alvaro Obregon,01230,Campo de Tiro los Gamitos,19.38002,-99.23786
DF,Alvaro Obregon,01230,El Piru Santa Fe,19.38002,-99.23786
DF,Alvaro Obregon,01239,La Huerta,19.3793,-99.239835
DF,Alvaro Obregon,01240,Pueblo Nuevo,19.38118,-99.238318
DF,Alvaro Obregon,01250,Margarita Maza de Juarez,19.379225,-99.237098
DF,Alvaro Obregon,01250,Tecolalco,19.379225,-99.237098
DF,Alvaro Obregon,01250,Ladera,19.379225,-99.237098
DF,Alvaro Obregon,01250,Lomas de Nuevo Mexico,19.379225,-99.237098
DF,Alvaro Obregon,01250,El Arbol,19.379225,-99.237098
DF,Alvaro Obregon,01259,Ampliacion La Cebada,19.379225,-99.237098
DF,Alvaro Obregon,01259,La Mexicana 2a Ampliacion,19.379225,-99.237098
DF,Alvaro Obregon,01260,Ampliacion La Mexicana,19.38418,-99.22605
DF,Alvaro Obregon,01260,La Mexicana,19.38418,-99.22605
DF,Alvaro Obregon,01260,Liberacion Proletaria,19.38418,-99.22605
DF,Alvaro Obregon,01260,La Palmita,19.38418,-99.22605
DF,Alvaro Obregon,01260,Calzada Jalalpa,19.38418,-99.22605
DF,Alvaro Obregon,01269,2a Seccion Cañada,19.38119,-99.231915
DF,Alvaro Obregon,01269,1a Seccion Cañada,19.38119,-99.231915
DF,Alvaro Obregon,01270,La Presa,19.38277,-99.217842
DF,Alvaro Obregon,01270,Golondrinas,19.38277,-99.217842
DF,Alvaro Obregon,01270,El Tejocote,19.38277,-99.217842
DF,Alvaro Obregon,01270,Golondrinas 1a Seccion,19.38277,-99.217842
DF,Alvaro Obregon,01270,Golondrinas 2a Seccion,19.38277,-99.217842
DF,Alvaro Obregon,01270,Lomas de Capula,19.38277,-99.217842
DF,Alvaro Obregon,01275,Villa Solidaridad,19.379185,-99.216077
DF,Alvaro Obregon,01276,El Pirul,19.379185,-99.216077
DF,Alvaro Obregon,01278,Desarrollo Urbano,19.379185,-99.216077
DF,Alvaro Obregon,01279,Lomas de Becerra,19.379185,-99.216077
DF,Alvaro Obregon,01280,Arvide,19.384385,-99.207524
DF,Alvaro Obregon,01280,El Pocito,19.384385,-99.207524
DF,Alvaro Obregon,01280,Francisco Villa,19.384385,-99.207524
DF,Alvaro Obregon,01280,La Joya,19.384385,-99.207524
DF,Alvaro Obregon,01285,El Rodeo,19.380295,-99.208579
DF,Alvaro Obregon,01289,Reacomodo El Cuernito,19.380295,-99.208579
DF,Alvaro Obregon,01290,Piloto Adolfo Lopez Mateos,19.37761,-99.221823
DF,Alvaro Obregon,01290,Presidentes,19.37761,-99.221823
DF,Alvaro Obregon,01296,Ampliacion Jalalpa,19.37761,-99.221823
DF,Alvaro Obregon,01296,Jalalpa Tepito 2a Ampliacion,19.37761,-99.221823
DF,Alvaro Obregon,01296,Jalalpa Tepito,19.37761,-99.221823
DF,Alvaro Obregon,01298,Ampliacion Piloto Adolfo Lopez Mateos,19.37761,-99.221823
DF,Alvaro Obregon,01299,1a Ampliacion Presidentes,19.37761,-99.221823
DF,Alvaro Obregon,01299,2a Ampliacion Presidentes,19.37761,-99.221823
DF,Alvaro Obregon,01310,San Gabriel,19.384925,-99.244021
DF,Alvaro Obregon,01320,Carlos A. Madrazo,19.384925,-99.244021
DF,Alvaro Obregon,01330,Paseo de las Lomas,19.384925,-99.244021
DF,Alvaro Obregon,01340,Bejero del Pueblo Santa Fe,19.384925,-99.244021
DF,Alvaro Obregon,01376,Santa Fe,19.37247,-99.26117
DF,Alvaro Obregon,01376,Santa Fe Peña Blanca,19.37247,-99.26117
DF,Alvaro Obregon,01376,Santa Fe La Loma,19.37247,-99.26117
DF,Alvaro Obregon,01376,Santa Fe Centro Ciudad,19.37247,-99.26117
DF,Alvaro Obregon,01377,Jalalpa El Grande,19.37247,-99.26117
DF,Alvaro Obregon,01389,Santa Fe Tlayapaca,19.37247,-99.26117
DF,Alvaro Obregon,01400,Olivar del Conde 1a Seccion,19.3737,-99.21171
DF,Alvaro Obregon,01400,Preconcreto,19.3737,-99.21171
DF,Alvaro Obregon,01407,Galeana,19.37092,-99.224252
DF,Alvaro Obregon,01408,Olivar del Conde 2a Seccion,19.37092,-99.224252
DF,Alvaro Obregon,01410,Palmas,19.37876,-99.207144
DF,Alvaro Obregon,01410,Barrio Norte,19.37876,-99.207144
DF,Alvaro Obregon,01419,Minas Cristo Rey,19.375835,-99.213435
DF,Alvaro Obregon,01420,Sacramento,19.38096,-99.197236
DF,Alvaro Obregon,01420,Santa Maria Nonoalco,19.38096,-99.197236
DF,Alvaro Obregon,01430,Colina del Sur,19.38096,-99.197236
DF,Alvaro Obregon,01440,Abeto,19.38096,-99.197236
DF,Alvaro Obregon,01450,Hogar y Redencion,19.38096,-99.197236
DF,Alvaro Obregon,01460,Alfonso XIII,19.3762,-99.195373
DF,Alvaro Obregon,01470,Molino de Rosas,19.371465,-99.20098
DF,Alvaro Obregon,01480,Lomas de Plateros,19.368195,-99.198586
DF,Alvaro Obregon,01490,Torres de Mixcoac,19.37029,-99.193794
DF,Alvaro Obregon,01490,La Cascada,19.37029,-99.193794
DF,Alvaro Obregon,01500,Santa Lucia,19.37029,-99.193794
DF,Alvaro Obregon,01500,Miguel Gaona Armenta,19.37029,-99.193794
DF,Alvaro Obregon,01509,Santa Lucia Chantepec,19.37029,-99.193794
DF,Alvaro Obregon,01510,Garcimarrero,19.365977,-99.240488
DF,Alvaro Obregon,01510,Los Cedros,19.365977,-99.240488
DF,Alvaro Obregon,01510,La Araña,19.365977,-99.240488
DF,Alvaro Obregon,01520,Estado de Hidalgo,19.364905,-99.242728
DF,Alvaro Obregon,01520,Piru Santa Lucia,19.364905,-99.242728
DF,Alvaro Obregon,01520,Ampliacion Los Pirules,19.364905,-99.242728
DF,Alvaro Obregon,01520,Ampliacion Estado de Hidalgo,19.364905,-99.242728
DF,Alvaro Obregon,01520,El Politoco,19.364905,-99.242728
DF,Alvaro Obregon,01530,Corpus Christy,19.364905,-99.242728
DF,Alvaro Obregon,01538,Tepopotla,19.362476,-99.251886
DF,Alvaro Obregon,01539,Cooperativa Union Olivos,19.359315,-99.243898
DF,Alvaro Obregon,01539,Acuilotla,19.359315,-99.243898
DF,Alvaro Obregon,01540,Cehuaya,19.356125,-99.244483
DF,Alvaro Obregon,01540,Balcones de Cehuayo,19.356125,-99.244483
DF,Alvaro Obregon,01540,Llano Redondo,19.356125,-99.244483
DF,Alvaro Obregon,01540,Punta de Cehuaya,19.356125,-99.244483
DF,Alvaro Obregon,01540,Providencia,19.356125,-99.244483
DF,Alvaro Obregon,01548,Villa Progresista,19.355315,-99.242325
DF,Alvaro Obregon,01549,Dos Rios del Pueblo Santa Lucia,19.355315,-99.242325
DF,Alvaro Obregon,01550,Tepeaca,19.3586,-99.237453
DF,Alvaro Obregon,01550,Rinconada Las Cuevitas,19.3586,-99.237453
DF,Alvaro Obregon,01550,Ampliacion Tepeaca,19.3586,-99.237453
DF,Alvaro Obregon,01560,Canutillo 2a Seccion,19.36176,-99.230109
DF,Alvaro Obregon,01560,Ave Real,19.36176,-99.230109
DF,Alvaro Obregon,01560,Canutillo,19.36176,-99.230109
DF,Alvaro Obregon,01560,Canutillo 3a Seccion,19.36176,-99.230109
DF,Alvaro Obregon,01566,Hueytlale,19.362295,-99.225451
DF,Alvaro Obregon,01569,Reacomodo Valentin Gomez Farias,19.362295,-99.225451
DF,Alvaro Obregon,01588,Tarango,19.352123,-99.249069
DF,Alvaro Obregon,01590,El Rincon,19.350259,-99.251279
DF,Alvaro Obregon,01600,Merced Gomez,19.36667,-99.2
DF,Alvaro Obregon,01600,Sociedad Cooperativa Union Poder Popular,19.36667,-99.2
DF,Alvaro Obregon,01610,Profesor J. Arturo Lopez Martinez,19.363635,-99.220963
DF,Alvaro Obregon,01610,Colinas de Tarango,19.363635,-99.220963
DF,Alvaro Obregon,01618,Arcos Centenario,19.363635,-99.220963
DF,Alvaro Obregon,01618,Ex-Hacienda de Tarango,19.363635,-99.220963
DF,Alvaro Obregon,01619,La Martinica,19.358771,-99.225912
DF,Alvaro Obregon,01619,Rinconada de Tarango,19.358771,-99.225912
DF,Alvaro Obregon,01620,Lomas de Tarango,19.363545,-99.215191
DF,Alvaro Obregon,01630,Puerta Grande,19.363545,-99.215191
DF,Alvaro Obregon,01630,Belem de las Flores,19.363545,-99.215191
DF,Alvaro Obregon,01630,Lomas de Puerta Grande,19.363545,-99.215191
DF,Alvaro Obregon,01630,Los Juristas,19.363545,-99.215191
DF,Alvaro Obregon,01640,Heron Proal,19.363545,-99.215191
DF,Alvaro Obregon,01645,Ponciano Arriaga,19.35863,-99.228385
DF,Alvaro Obregon,01650,Ampliacion Tlacuitlapa,19.355185,-99.237506
DF,Alvaro Obregon,01650,2o Reacomodo Tlacuitlapa,19.355185,-99.237506
DF,Alvaro Obregon,01650,La Milagrosa,19.355185,-99.237506
DF,Alvaro Obregon,01650,Palmas Axotitla,19.355185,-99.237506
DF,Alvaro Obregon,01650,Tlacuitlapa,19.355185,-99.237506
DF,Alvaro Obregon,01650,Santa Lucia Chantepec,19.355185,-99.237506
DF,Alvaro Obregon,01650,El Ruedo,19.355185,-99.237506
DF,Alvaro Obregon,01700,2a Del Moral del Pueblo de Tetelpan,19.355185,-99.237506
DF,Alvaro Obregon,01700,Tetelpan,19.355185,-99.237506
DF,Alvaro Obregon,01700,Tecalcapa del Pueblo Tetelpan,19.355185,-99.237506
DF,Alvaro Obregon,01700,San Agustin del Pueblo Tetelpan,19.355185,-99.237506
DF,Alvaro Obregon,01700,La Joyita del Pueblo Tetelpan,19.355185,-99.237506
DF,Alvaro Obregon,01700,Ocotillos del Pueblo Tetelpan,19.355185,-99.237506
DF,Alvaro Obregon,01708,El Mirador del Pueblo Tetelpan,19.355185,-99.237506
DF,Alvaro Obregon,01708,El Encino del Pueblo Tetelpan,19.355185,-99.237506
DF,Alvaro Obregon,01710,Las Aguilas,19.36667,-99.2
DF,Alvaro Obregon,01710,Ampliacion Alpes,19.36667,-99.2
DF,Alvaro Obregon,01720,Lomas de Guadalupe,19.342285,-99.243487
DF,Alvaro Obregon,01729,Alcantarilla,19.335735,-99.251826
DF,Alvaro Obregon,01730,Lomas de las Aguilas,19.348805,-99.2308
DF,Alvaro Obregon,01730,Puente Colorado,19.348805,-99.2308
DF,Alvaro Obregon,01740,La Peñita del Pueblo Tetelpan,19.350655,-99.225906
DF,Alvaro Obregon,01740,San Clemente Norte,19.350655,-99.225906
DF,Alvaro Obregon,01740,San Clemente Sur,19.350655,-99.225906
DF,Alvaro Obregon,01750,Las Aguilas 1a Seccion,19.350655,-99.225906
DF,Alvaro Obregon,01750,Las Aguilas 3er Parque,19.350655,-99.225906
DF,Alvaro Obregon,01750,Las Aguilas 2o Parque,19.350655,-99.225906
DF,Alvaro Obregon,01759,Ampliacion Las Aguilas,19.350655,-99.225906
DF,Alvaro Obregon,01760,La Herradura del Pueblo Tetelpan,19.350285,-99.202892
DF,Alvaro Obregon,01760,Atlamaya,19.350285,-99.202892
DF,Alvaro Obregon,01760,Flor de Maria,19.350285,-99.202892
DF,Alvaro Obregon,01770,La Angostura,19.3309,-99.232546
DF,Alvaro Obregon,01770,San Jose del Olivar,19.3309,-99.232546
DF,Alvaro Obregon,01780,Tizampampano del Pueblo Tetelpan,19.337227,-99.220471
DF,Alvaro Obregon,01780,Olivar de los Padres,19.337227,-99.220471
DF,Alvaro Obregon,01788,El Olivarito,19.337227,-99.220471
DF,Alvaro Obregon,01789,Miguel Hidalgo,19.336355,-99.215936
DF,Alvaro Obregon,01790,Lomas de San Angel Inn,19.336355,-99.215936
DF,Alvaro Obregon,01790,Lomas de los Angeles del Pueblo Tetelpan,19.336355,-99.215936
DF,Alvaro Obregon,01800,San Bartolo Ameyalco,19.33565,-99.26788
DF,Alvaro Obregon,01807,Rancho San Francisco Pueblo San Bartolo Ameyalco,19.33565,-99.26788
DF,Alvaro Obregon,01810,Villa Verdun,19.33565,-99.26788
DF,Alvaro Obregon,01820,Ejido San Mateo,19.33565,-99.26788
DF,Alvaro Obregon,01820,Lomas Axomiatla,19.33565,-99.26788
DF,Alvaro Obregon,01830,Santa Rosa Xochiac,19.321955,-99.28724
DF,Alvaro Obregon,01840,Torres de Potrero,19.331245,-99.248506
DF,Alvaro Obregon,01849,Rincon de la Bolsa,19.331245,-99.248506
DF,Alvaro Obregon,01849,Rancho del Carmen del Pueblo San Bartolo Ameyalco,19.331245,-99.248506
DF,Alvaro Obregon,01857,Lomas de Chamontoya,19.318455,-99.268149
DF,Alvaro Obregon,01859,Tlacoyaque,19.32508,-99.266786
DF,Alvaro Obregon,01860,Lomas de La Era,19.32508,-99.266786
DF,Alvaro Obregon,01863,Lomas del Capulin,19.32508,-99.266786
DF,Alvaro Obregon,01870,Lomas de los Cedros,19.325205,-99.257582
DF,Alvaro Obregon,01900,Jardines del Pedregal,19.320566,-99.208458
DF,Alvaro Obregon,01904,San Jeronimo Aculco,19.320566,-99.208458
DF,Alvaro Obregon,01940,Rancho Anzaldo y Contreras,19.320566,-99.208458
DF,Alvaro Obregon,01990,Pedregal,19.320566,-99.208458
DF,Azcapotzalco,02000,Centro de Azcapotzalco,19.320566,-99.208458
DF,Azcapotzalco,02008,Delegacion Politica Azcapotzalco,19.320566,-99.208458
DF,Azcapotzalco,02010,San Rafael,19.320566,-99.208458
DF,Azcapotzalco,02020,Santo Tomas,19.488455,-99.182415
DF,Azcapotzalco,02040,Del Maestro,19.48254,-99.182193
DF,Azcapotzalco,02040,San Sebastian,19.48254,-99.182193
DF,Azcapotzalco,02050,Santa Maria Malinalco,19.4786,-99.177285
DF,Azcapotzalco,02050,Libertad,19.4786,-99.177285
DF,Azcapotzalco,02060,Sindicato Mexicano de Electricistas,19.47436,-99.178128
DF,Azcapotzalco,02060,Un Hogar Para Cada Trabajador,19.47436,-99.178128
DF,Azcapotzalco,02070,Nextengo,19.485785,-99.184205
DF,Azcapotzalco,02070,Nextengo,19.485785,-99.184205
DF,Azcapotzalco,02070,Azcapotzalco,19.485785,-99.184205
DF,Azcapotzalco,02070,Del Recreo,19.485785,-99.184205
DF,Azcapotzalco,02080,Claveria,19.469835,-99.176801
DF,Azcapotzalco,02080,Sector Naval,19.469835,-99.176801
DF,Azcapotzalco,02090,San Alvaro,19.46667,-99.18333
DF,Azcapotzalco,02099,Angel Zimbron,19.46667,-99.18333
DF,Azcapotzalco,02100,El Rosario,19.46667,-99.18333
DF,Azcapotzalco,02109,Manuel Rivera Anaya CROC 1,19.46667,-99.18333
DF,Azcapotzalco,02120,San Martin Xochinahuac,19.505195,-99.186316
DF,Azcapotzalco,02128,Nueva El Rosario,19.50099,-99.189213
DF,Azcapotzalco,02129,Nueva España,19.497815,-99.187035
DF,Azcapotzalco,02130,Tierra Nueva,19.499045,-99.200266
DF,Azcapotzalco,02140,Santa Ines,19.499045,-99.200266
DF,Azcapotzalco,02150,Pasteros,19.49457,-99.195644
DF,Azcapotzalco,02160,Santo Domingo,19.48805,-99.191126
DF,Azcapotzalco,02200,Reynosa Tamaulipas,19.49333,-99.187753
DF,Azcapotzalco,02230,Santa Barbara,19.49333,-99.187753
DF,Azcapotzalco,02240,San Andres,19.49333,-99.187753
DF,Azcapotzalco,02240,Ticoman,19.49333,-99.187753
DF,Azcapotzalco,02250,Santa Catarina,19.49185,-99.17496
DF,Azcapotzalco,02300,Industrial Vallejo,19.497915,-99.16327
DF,Azcapotzalco,02310,Ferreria,19.497915,-99.16327
DF,Azcapotzalco,02320,San Andres de las Salinas,19.497915,-99.16327
DF,Azcapotzalco,02340,Santa Cruz de las Salinas,19.48383,-99.160245
DF,Azcapotzalco,02350,Jardines de Ceylan,19.48383,-99.160245
DF,Azcapotzalco,02360,Las Salinas,19.487655,-99.164266
DF,Azcapotzalco,02400,San Juan Tlihuaca,19.48941,-99.204538
DF,Azcapotzalco,02410,Prados del Rosario,19.504815,-99.210037
DF,Azcapotzalco,02419,Trabajadores de PEMEX,19.504815,-99.210037
DF,Azcapotzalco,02420,Ex-Hacienda El Rosario,19.504815,-99.210037
DF,Azcapotzalco,02440,Providencia,19.49615,-99.201493
DF,Azcapotzalco,02459,Tezozomoc,19.489215,-99.198201
DF,Azcapotzalco,02460,La Preciosa,19.48333,-99.2
DF,Azcapotzalco,02470,Ampliacion Petrolera,19.48333,-99.2
DF,Azcapotzalco,02480,Petrolera,19.48562,-99.199839
DF,Azcapotzalco,02500,Unidad Cuitlahuac,19.48562,-99.199839
DF,Azcapotzalco,02510,Pantaco,19.48562,-99.199839
DF,Azcapotzalco,02519,El Jagüey,19.48562,-99.199839
DF,Azcapotzalco,02520,Estacion Pantaco,19.48562,-99.199839
DF,Azcapotzalco,02525,Granjas Pantaco Campamento Ferrocarrilero,19.48562,-99.199839
DF,Azcapotzalco,02530,Jardin Azpeitia,19.48562,-99.199839
DF,Azcapotzalco,02600,Pro-Hogar,19.48333,-99.15
DF,Azcapotzalco,02630,Coltongo,19.48272,-99.153113
DF,Azcapotzalco,02640,Monte Alto,19.479945,-99.156348
DF,Azcapotzalco,02650,Trabajadores de Hierro,19.479945,-99.156348
DF,Azcapotzalco,02660,Euzkadi,19.47773,-99.161669
DF,Azcapotzalco,02670,Cosmopolita,19.47485,-99.163169
DF,Azcapotzalco,02680,Potrero del Llano,19.47477,-99.160395
DF,Azcapotzalco,02700,San Miguel Amantla,19.475685,-99.205101
DF,Azcapotzalco,02710,San Pedro Xalpa,19.475685,-99.205101
DF,Azcapotzalco,02718,Las Armas,19.475685,-99.205101
DF,Azcapotzalco,02719,Ampliacion San Pedro Xalpa,19.475685,-99.205101
DF,Azcapotzalco,02720,San Bartolo Cahualtongo,19.48131,-99.207318
DF,Azcapotzalco,02720,San Antonio,19.48131,-99.207318
DF,Azcapotzalco,02730,San Francisco Tetecala,19.479745,-99.19213
DF,Azcapotzalco,02750,Santiago Ahuizotla,19.47786,-99.212276
DF,Azcapotzalco,02750,La Providencia,19.47786,-99.212276
DF,Azcapotzalco,02760,Industrial San Antonio,19.479395,-99.19668
DF,Azcapotzalco,02770,Santa Cruz Acayucan,19.47607,-99.19441
DF,Azcapotzalco,02780,Plenitud,19.473335,-99.197356
DF,Azcapotzalco,02800,Nueva Santa Maria,19.46667,-99.16667
DF,Azcapotzalco,02810,Ignacio Allende,19.469865,-99.164081
DF,Azcapotzalco,02810,Victoria de las Democracias,19.469865,-99.164081
DF,Azcapotzalco,02840,Obrero Popular,19.46667,-99.16667
DF,Azcapotzalco,02860,Tlatilco,19.46667,-99.16667
DF,Azcapotzalco,02870,San Salvador Xochimanca,19.459605,-99.174239
DF,Azcapotzalco,02900,Aguilera,19.47272,-99.155996
DF,Azcapotzalco,02910,Aldana,19.470745,-99.149517
DF,Azcapotzalco,02920,Ampliacion Cosmopolita,19.470745,-99.149517
DF,Azcapotzalco,02930,Liberacion,19.470745,-99.149517
DF,Azcapotzalco,02940,Porvenir,19.470745,-99.149517
DF,Azcapotzalco,02950,Del Gas,19.470465,-99.156563
DF,Azcapotzalco,02960,San Francisco Xocotitla,19.468335,-99.146893
DF,Azcapotzalco,02970,Ampliacion Del Gas,19.468335,-99.146893
DF,Azcapotzalco,02980,Arenal,19.46784,-99.150429
DF,Azcapotzalco,02980,Patrimonio Familiar,19.46784,-99.150429
DF,Azcapotzalco,02990,La Raza,19.46567,-99.145541
DF,Benito Juarez,03000,Piedad Narvarte,19.402455,-99.155974
DF,Benito Juarez,03010,Atenor Salas,19.402455,-99.155974
DF,Benito Juarez,03020,Narvarte Poniente,19.402455,-99.155974
DF,Benito Juarez,03023,Narvarte Oriente,19.39322,-99.152056
DF,Benito Juarez,03023,Unidad Narvarte IMSS,19.39322,-99.152056
DF,Benito Juarez,03028,Secretaria de Comunicaciones y Transportes,19.383255,-99.174139
DF,Benito Juarez,03100,Insurgentes San Borja,19.383255,-99.174139
DF,Benito Juarez,03100,Del Valle Centro,19.383255,-99.174139
DF,Benito Juarez,03103,Del Valle Norte,19.383225,-99.166383
DF,Benito Juarez,03104,Del Valle Sur,19.37108,-99.167506
DF,Benito Juarez,03109,Partido Accion Nacional,19.37108,-99.167506
DF,Benito Juarez,03199,Camara Nacional de la Industria del Hierro y Acero,19.37108,-99.167506
DF,Benito Juarez,03200,Tlacoquemecatl,19.37108,-99.167506
DF,Benito Juarez,03229,Centro Hospitalario 20 de Noviembre,19.36853,-99.179136
DF,Benito Juarez,03230,Actipan,19.36853,-99.179136
DF,Benito Juarez,03240,Acacias,19.363915,-99.174286
DF,Benito Juarez,03300,Portales Sur,19.361855,-99.148618
DF,Benito Juarez,03303,Portales Norte,19.36911,-99.149124
DF,Benito Juarez,03310,Santa Cruz Atoyac,19.368215,-99.16419
DF,Benito Juarez,03319,Delegacion Politica Benito Juarez,19.368215,-99.16419
DF,Benito Juarez,03320,Residencial Emperadores,19.368215,-99.16419
DF,Benito Juarez,03330,Xoco,19.362405,-99.166725
DF,Benito Juarez,03340,General Pedro Maria Anaya,19.362405,-99.166725
DF,Benito Juarez,03400,Alamos,19.362405,-99.166725
DF,Benito Juarez,03410,Postal,19.390475,-99.141105
DF,Benito Juarez,03420,Miguel Aleman,19.390475,-99.141105
DF,Benito Juarez,03430,Josefa Ortiz de Dominguez,19.390475,-99.141105
DF,Benito Juarez,03440,Niños Heroes,19.390475,-99.141105
DF,Benito Juarez,03500,Nativitas,19.381655,-99.137324
DF,Benito Juarez,03510,Moderna,19.39513,-99.13463
DF,Benito Juarez,03520,Iztaccihuatl,19.39015,-99.135765
DF,Benito Juarez,03530,Villa de Cortes,19.38754,-99.136255
DF,Benito Juarez,03540,Del Carmen,19.38754,-99.136255
DF,Benito Juarez,03550,Zacahuitzco,19.3732,-99.138854
DF,Benito Juarez,03560,Albert,19.37077,-99.139319
DF,Benito Juarez,03570,Portales Oriente,19.366935,-99.139898
DF,Benito Juarez,03580,Miravalle,19.3619,-99.140802
DF,Benito Juarez,03590,Ermita,19.358735,-99.141425
DF,Benito Juarez,03600,Vertiz Narvarte,19.358735,-99.141425
DF,Benito Juarez,03610,Americas Unidas,19.358735,-99.141425
DF,Benito Juarez,03620,Periodista,19.358735,-99.141425
DF,Benito Juarez,03630,Independencia,19.379855,-99.147904
DF,Benito Juarez,03640,Del Lago,19.378415,-99.141117
DF,Benito Juarez,03650,Letran Valle,19.378415,-99.141117
DF,Benito Juarez,03660,San Simon Ticumac,19.378415,-99.141117
DF,Benito Juarez,03700,Santa Maria Nonoalco,19.378415,-99.141117
DF,Benito Juarez,03710,Ciudad de los Deportes,19.38334,-99.179905
DF,Benito Juarez,03720,Nochebuena,19.38334,-99.179905
DF,Benito Juarez,03730,San Juan,19.37791,-99.184807
DF,Benito Juarez,03740,Extremadura Insurgentes,19.37688,-99.181048
DF,Benito Juarez,03800,San Pedro de los Pinos,19.391125,-99.184979
DF,Benito Juarez,03810,Napoles,19.391125,-99.184979
DF,Benito Juarez,03820,8 de Agosto,19.39412,-99.18642
DF,Benito Juarez,03840,Ampliacion Napoles,19.39412,-99.18642
DF,Benito Juarez,03849,Camara Nacional de la Industria de Transformacion,19.39412,-99.18642
DF,Benito Juarez,03900,San Jose Insurgentes,19.39412,-99.18642
DF,Benito Juarez,03910,Mixcoac,19.37186,-99.189968
DF,Benito Juarez,03920,Insurgentes Mixcoac,19.37174,-99.183354
DF,Benito Juarez,03930,Merced Gomez,19.37174,-99.183354
DF,Benito Juarez,03940,Credito Constructor,19.37174,-99.183354
DF,Coyoacan,04000,Villa Coyoacan,19.37174,-99.183354
DF,Coyoacan,04009,Delegacion Politica Coyoacan,19.34746,-99.154762
DF,Coyoacan,04040,Parque San Andres,19.34746,-99.154762
DF,Coyoacan,04100,Del Carmen,19.353465,-99.160275
DF,Coyoacan,04120,San Diego Churubusco,19.35307,-99.148507
DF,Coyoacan,04120,San Mateo,19.35307,-99.148507
DF,Coyoacan,04129,Camara Nacional de la Industria Editorial,19.347695,-99.132284
DF,Coyoacan,04200,Campestre Churubusco,19.347695,-99.132284
DF,Coyoacan,04210,Churubusco Country Club,19.355525,-99.139539
DF,Coyoacan,04230,Prado Churubusco,19.354665,-99.127297
DF,Coyoacan,04239,Ermita Churubusco,19.354665,-99.127297
DF,Coyoacan,04240,Hermosillo,19.354665,-99.127297
DF,Coyoacan,04250,Paseos de Taxqueña,19.344865,-99.123448
DF,Coyoacan,04300,Ajusco,19.318995,-99.161626
DF,Coyoacan,04309,Pedregal de Monserrat,19.318995,-99.161626
DF,Coyoacan,04310,Romero de Terreros,19.318995,-99.161626
DF,Coyoacan,04319,Torres de Chimalistac,19.318995,-99.161626
DF,Coyoacan,04319,Fortin de Chimalistac,19.318995,-99.161626
DF,Coyoacan,04320,Cuadrante de San Francisco,19.318995,-99.161626
DF,Coyoacan,04320,Pedregal de San Francisco,19.318995,-99.161626
DF,Coyoacan,04320,Romero de Terreros,19.318995,-99.161626
DF,Coyoacan,04326,Villa de San Francisco,19.339775,-99.161712
DF,Coyoacan,04330,Pedregal de Coyoacan,19.33769,-99.154384
DF,Coyoacan,04330,El Rosedal,19.33769,-99.154384
DF,Coyoacan,04330,Pueblo de los Reyes,19.33769,-99.154384
DF,Coyoacan,04330,Pacifico,19.33769,-99.154384
DF,Coyoacan,04330,Rosedal,19.33769,-99.154384
DF,Coyoacan,04338,Mariana,19.33769,-99.154384
DF,Coyoacan,04340,Copilco Universidad ISSSTE,19.338835,-99.178518
DF,Coyoacan,04340,Insurgentes San Angel,19.338835,-99.178518
DF,Coyoacan,04340,Copilco El Bajo,19.338835,-99.178518
DF,Coyoacan,04350,Integracion Latinoamericana,19.340975,-99.180716
DF,Coyoacan,04350,Copilco,19.340975,-99.180716
DF,Coyoacan,04350,Villas Copilco,19.340975,-99.180716
DF,Coyoacan,04359,Empleados Federales,19.340975,-99.180716
DF,Coyoacan,04360,Copilco El Alto,19.335625,-99.180934
DF,Coyoacan,04360,Copilco Universidad,19.335625,-99.180934
DF,Coyoacan,04369,Pedregal de Santo Domingo,19.325595,-99.16761
DF,Coyoacan,04370,Xotepingo 101,19.325595,-99.16761
DF,Coyoacan,04370,Atlantida,19.325595,-99.16761
DF,Coyoacan,04370,Ciudad Jardin,19.325595,-99.16761
DF,Coyoacan,04380,El Rosario,19.332145,-99.148363
DF,Coyoacan,04380,Pueblo La Candelaria,19.332145,-99.148363
DF,Coyoacan,04390,Nueva Diaz Ordaz,19.332145,-99.148363
DF,Coyoacan,04390,Huayamilpas,19.332145,-99.148363
DF,Coyoacan,04400,Educacion,19.33333,-99.13333
DF,Coyoacan,04410,Petrolera Taxqueña,19.339035,-99.133436
DF,Coyoacan,04410,Tlalpan FOVISSSTE,19.339035,-99.133436
DF,Coyoacan,04420,Ex-Ejido de San Francisco Culhuacan,19.339035,-99.133436
DF,Coyoacan,04440,Culhuacan CTM Seccion I,19.339035,-99.133436
DF,Coyoacan,04440,Culhuacan CTM Seccion II,19.339035,-99.133436
DF,Coyoacan,04440,Culhuacan CTM Seccion V,19.339035,-99.133436
DF,Coyoacan,04450,El Centinela,19.335855,-99.139588
DF,Coyoacan,04460,Avante,19.32698,-99.133868
DF,Coyoacan,04470,Presidentes Ejidales 2a Seccion,19.32698,-99.133868
DF,Coyoacan,04470,Presidentes Ejidales 1a Seccion,19.32698,-99.133868
DF,Coyoacan,04480,Culhuacan CTM Seccion X-A,19.32698,-99.133868
DF,Coyoacan,04480,Culhuacan CTM Seccion III,19.32698,-99.133868
DF,Coyoacan,04480,Culhuacan CTM CROC,19.32698,-99.133868
DF,Coyoacan,04480,Culhuacan CTM Seccion VI,19.32698,-99.133868
DF,Coyoacan,04489,Culhuacan CTM Seccion VII,19.32698,-99.133868
DF,Coyoacan,04490,Culhuacan CTM Seccion Piloto,19.32698,-99.133868
DF,Coyoacan,04490,Culhuacan CTM Canal Nacional,19.32698,-99.133868
DF,Coyoacan,04500,Jardines del Pedregal de San Angel,19.32698,-99.133868
DF,Coyoacan,04510,Universidad Nacional Autonoma de Mexico,19.32698,-99.133868
DF,Coyoacan,04519,La Otra Banda,19.32698,-99.133868
DF,Coyoacan,04530,Insurgentes Cuicuilco,19.32698,-99.133868
DF,Coyoacan,04535,Torres del Maurel,19.32698,-99.133868
DF,Coyoacan,04600,Pedregal de Santa Ursula,19.3,-99.15
DF,Coyoacan,04610,Xotepingo,19.327095,-99.140373
DF,Coyoacan,04620,Pueblo de San Pablo Tepetlapa,19.327095,-99.140373
DF,Coyoacan,04630,Adolfo Ruiz Cortines,19.327095,-99.140373
DF,Coyoacan,04640,El Reloj,19.31824,-99.142374
DF,Coyoacan,04650,Los Fresnos,19.31559,-99.143151
DF,Coyoacan,04650,Pueblo de Santa Ursula Coapa,19.31559,-99.143151
DF,Coyoacan,04660,Joyas del Pedregal,19.30648,-99.161027
DF,Coyoacan,04700,Villa Panamericana,19.30648,-99.161027
DF,Coyoacan,04700,Pedregal de Carrasco,19.30648,-99.161027
DF,Coyoacan,04710,Olimpica,19.30648,-99.161027
DF,Coyoacan,04718,Vistas del Maurel,19.30648,-99.161027
DF,Coyoacan,04719,Pedregal del Sur,19.30648,-99.161027
DF,Coyoacan,04719,Villas del Pedregal,19.30648,-99.161027
DF,Coyoacan,04730,Bosques de Tetlameya,19.30044,-99.157133
DF,Coyoacan,04730,Cantil del Pedregal,19.30044,-99.157133
DF,Coyoacan,04738,Modulo Social Iman,19.30044,-99.157133
DF,Coyoacan,04738,Villas del Iman,19.30044,-99.157133
DF,Coyoacan,04739,El Caracol,19.304405,-99.162615
DF,Coyoacan,04800,Los Cedros,19.304405,-99.162615
DF,Coyoacan,04800,Alianza Popular Revolucionaria,19.304405,-99.162615
DF,Coyoacan,04810,Prados de Coyoacan,19.304405,-99.162615
DF,Coyoacan,04815,Emiliano Zapata,19.325675,-99.137735
DF,Coyoacan,04830,Los Cipreses,19.325675,-99.137735
DF,Coyoacan,04830,Los Ciruelos,19.325675,-99.137735
DF,Coyoacan,04840,Ex-Ejido de San Pablo Tepetlapa,19.325675,-99.137735
DF,Coyoacan,04843,Secretaria de Marina Armada de Mexico,19.325675,-99.137735
DF,Coyoacan,04849,Sector Marina,19.325675,-99.137735
DF,Coyoacan,04850,Fuentes de Coyoacan,19.325675,-99.137735
DF,Coyoacan,04870,Los Robles,19.31843,-99.135851
DF,Coyoacan,04870,Espartaco,19.31843,-99.135851
DF,Coyoacan,04890,Jardines de Coyoacan,19.31843,-99.135851
DF,Coyoacan,04890,Los Olivos,19.31843,-99.135851
DF,Coyoacan,04899,El Parque de Coyoacan,19.31843,-99.135851
DF,Coyoacan,04908,La Virgen,19.31843,-99.135851
DF,Coyoacan,04909,Culhuacan CTM Seccion IX-A,19.31843,-99.135851
DF,Coyoacan,04909,Culhuacan CTM Seccion IX-B,19.31843,-99.135851
DF,Coyoacan,04909,Culhuacan CTM Seccion VIII,19.31843,-99.135851
DF,Coyoacan,04910,Carmen Serdan,19.31843,-99.135851
DF,Coyoacan,04918,Cafetales,19.31843,-99.135851
DF,Coyoacan,04919,Emiliano Zapata Fraccionamiento Popular,19.31843,-99.135851
DF,Coyoacan,04920,Los Girasoles,19.31843,-99.135851
DF,Coyoacan,04929,Las Campanas,19.309395,-99.121214
DF,Coyoacan,04930,Santa Cecilia,19.306145,-99.113315
DF,Coyoacan,04938,Campestre Coyoacan,19.306145,-99.113315
DF,Coyoacan,04939,Culhuacan CTM Seccion X,19.306145,-99.113315
DF,Coyoacan,04940,Los Sauces,19.306145,-99.113315
DF,Coyoacan,04950,El Mirador,19.306145,-99.113315
DF,Coyoacan,04960,Villa Quietud,19.306145,-99.113315
DF,Coyoacan,04970,Haciendas de Coyoacan,19.306145,-99.113315
DF,Coyoacan,04980,Ex-Hacienda Coapa,19.306145,-99.113315
DF,Coyoacan,04980,Viejo Ejido de Santa Ursula Coapa,19.306145,-99.113315
DF,Coyoacan,04980,Ex-Ejido de Santa Ursula Coapa,19.306145,-99.113315
DF,Cuajimalpa de Morelos,05000,Cuajimalpa,19.358535,-99.302361
DF,Cuajimalpa de Morelos,05009,Delegacion Politica Cuajimalpa de Morelos,19.35157,-99.313567
DF,Cuajimalpa de Morelos,05010,Zentlapatl,19.35157,-99.313567
DF,Cuajimalpa de Morelos,05020,Loma del Padre,19.35157,-99.313567
DF,Cuajimalpa de Morelos,05030,San Pedro,19.362225,-99.299015
DF,Cuajimalpa de Morelos,05030,La Manzanita,19.362225,-99.299015
DF,Cuajimalpa de Morelos,05050,San Pablo Chimalpa,19.35526,-99.319543
DF,Cuajimalpa de Morelos,05100,Lomas de Vista Hermosa,19.37586,-99.268385
DF,Cuajimalpa de Morelos,05110,Cooperativa Palo Alto,19.38686,-99.250775
DF,Cuajimalpa de Morelos,05118,Granjas Palo Alto,19.38686,-99.250775
DF,Cuajimalpa de Morelos,05119,Campestre Palo Alto,19.38686,-99.250775
DF,Cuajimalpa de Morelos,05120,Bosques de las Lomas,19.39051,-99.2546
DF,Cuajimalpa de Morelos,05126,Villas Marbella,19.39051,-99.2546
DF,Cuajimalpa de Morelos,05128,Cumbres Reforma,19.38382,-99.262254
DF,Cuajimalpa de Morelos,05129,Lomas del Chamizal,19.38382,-99.262254
DF,Cuajimalpa de Morelos,05130,Rincon de las Lomas,19.38382,-99.262254
DF,Cuajimalpa de Morelos,05200,San Jose de los Cedros,19.38382,-99.262254
DF,Cuajimalpa de Morelos,05214,Club de Golf Bosques,19.38382,-99.262254
DF,Cuajimalpa de Morelos,05219,Granjas Navidad,19.38382,-99.262254
DF,Cuajimalpa de Morelos,05220,Tepetongo,19.37155,-99.291864
DF,Cuajimalpa de Morelos,05230,El Ebano,19.37155,-99.291864
DF,Cuajimalpa de Morelos,05240,El Molino,19.37155,-99.291864
DF,Cuajimalpa de Morelos,05249,Jardines de la Palma,19.37155,-99.291864
DF,Cuajimalpa de Morelos,05260,Jesus del Monte,19.37155,-99.291864
DF,Cuajimalpa de Morelos,05269,Amado Nervo,19.36803,-99.294585
DF,Cuajimalpa de Morelos,05270,Manzanastitla,19.3663,-99.299043
DF,Cuajimalpa de Morelos,05280,Adolfo Lopez Mateos,19.3663,-99.299043
DF,Cuajimalpa de Morelos,05310,El Molinito,19.36143,-99.287044
DF,Cuajimalpa de Morelos,05320,El Yaqui,19.35983,-99.28398
DF,Cuajimalpa de Morelos,05330,Memetla,19.36052,-99.286823
DF,Cuajimalpa de Morelos,05330,Ampliacion Memetla,19.36052,-99.286823
DF,Cuajimalpa de Morelos,05330,Lomas de Memetla,19.36052,-99.286823
DF,Cuajimalpa de Morelos,05330,Ampliacion el Yaqui,19.36052,-99.286823
DF,Cuajimalpa de Morelos,05348,Santa Fe Cuajimalpa,19.36052,-99.286823
DF,Cuajimalpa de Morelos,05360,Locaxco,19.35563,-99.290749
DF,Cuajimalpa de Morelos,05370,Las Tinajas,19.35643,-99.282499
DF,Cuajimalpa de Morelos,05379,Lomas de San Pedro,19.35401,-99.288154
DF,Cuajimalpa de Morelos,05400,El Tianguillo,19.35401,-99.288154
DF,Cuajimalpa de Morelos,05410,1° de Mayo,19.322327,-99.326139
DF,Cuajimalpa de Morelos,05410,San Lorenzo Acopilco,19.322327,-99.326139
DF,Cuajimalpa de Morelos,05500,Contadero,19.322327,-99.326139
DF,Cuajimalpa de Morelos,05520,La Venta,19.333495,-99.310859
DF,Cuajimalpa de Morelos,05530,Abdias Garcia Soto,19.333495,-99.310859
DF,Cuajimalpa de Morelos,05600,San Mateo Tlaltenango,19.3458,-99.274309
DF,Cuajimalpa de Morelos,05610,Santa Rosa Xochiac,19.3458,-99.274309
DF,Cuajimalpa de Morelos,05619,Prados de la Montaña,19.3458,-99.274309
DF,Cuajimalpa de Morelos,05620,Prados de la Montaña,19.318952,-99.323611
DF,Cuajimalpa de Morelos,05700,Cruz Blanca,19.318952,-99.323611
DF,Cuajimalpa de Morelos,05710,Las Maromas,19.32884,-99.332635
DF,Cuajimalpa de Morelos,05730,Xalpa,19.31094,-99.32987
DF,Cuajimalpa de Morelos,05750,La Pila,19.313178,-99.337234
DF,Cuajimalpa de Morelos,05760,Las Lajas,19.31508,-99.33385
DF,Cuajimalpa de Morelos,05780,Agua Bendita,19.362905,-99.310105
DF,Cuauhtemoc,06000,Centro (Area 1),19.362905,-99.310105
DF,Cuauhtemoc,06010,Centro (Area 2),19.362905,-99.310105
DF,Cuauhtemoc,06018,H Camara de Senadores,19.362905,-99.310105
DF,Cuauhtemoc,06020,Centro (Area 3),19.362905,-99.310105
DF,Cuauhtemoc,06030,Tabacalera,19.435265,-99.153765
DF,Cuauhtemoc,06038,Banorte,19.435265,-99.153765
DF,Cuauhtemoc,06039,ISSSTE,19.435265,-99.153765
DF,Cuauhtemoc,06040,Centro (Area 4),19.435265,-99.153765
DF,Cuauhtemoc,06050,Centro (Area 5),19.435265,-99.153765
DF,Cuauhtemoc,06058,Procuraduria General de La Republica,19.435265,-99.153765
DF,Cuauhtemoc,06060,Centro (Area 6),19.435265,-99.153765
DF,Cuauhtemoc,06065,Suprema Corte de Justicia,19.435265,-99.153765
DF,Cuauhtemoc,06066,Secretaria de Hacienda y Credito Publico,19.435265,-99.153765
DF,Cuauhtemoc,06067,Presidencia de La Republica,19.435265,-99.153765
DF,Cuauhtemoc,06070,Centro (Area 7),19.435265,-99.153765
DF,Cuauhtemoc,06079,Confederacion de Camaras Nacionales de Comercio,19.435265,-99.153765
DF,Cuauhtemoc,06080,Centro (Area 8),19.435265,-99.153765
DF,Cuauhtemoc,06090,Centro (Area 9),19.435265,-99.153765
DF,Cuauhtemoc,06100,Hipodromo,19.435265,-99.153765
DF,Cuauhtemoc,06140,Condesa,19.415805,-99.175906
DF,Cuauhtemoc,06170,Hipodromo Condesa,19.415805,-99.175906
DF,Cuauhtemoc,06171,Instituto Mexicano de Comercio Exterior,19.415805,-99.175906
DF,Cuauhtemoc,06179,Secretaria de Economia,19.415805,-99.175906
DF,Cuauhtemoc,06200,Morelos,19.415805,-99.175906
DF,Cuauhtemoc,06200,Plan Tepito,19.415805,-99.175906
DF,Cuauhtemoc,06220,Peralvillo,19.46129,-99.133548
DF,Cuauhtemoc,06240,Valle Gomez,19.46129,-99.133548
DF,Cuauhtemoc,06250,Ex-Hipodromo de Peralvillo,19.46129,-99.133548
DF,Cuauhtemoc,06270,Maza,19.455035,-99.128197
DF,Cuauhtemoc,06280,Felipe Pescador,19.4542,-99.125537
DF,Cuauhtemoc,06300,Guerrero,19.44426,-99.143151
DF,Cuauhtemoc,06309,Direccion General de Recaudacion de la SHCP,19.445865,-99.150302
DF,Cuauhtemoc,06350,Buenavista,19.445865,-99.150302
DF,Cuauhtemoc,06357,Delegacion Politica Cuauhtemoc,19.445865,-99.150302
DF,Cuauhtemoc,06400,Santa Maria la Ribera,19.445865,-99.150302
DF,Cuauhtemoc,06430,Santa Maria Insurgentes,19.445865,-99.150302
DF,Cuauhtemoc,06450,Atlampa,19.45682,-99.156247
DF,Cuauhtemoc,06470,San Rafael,19.437685,-99.16264
DF,Cuauhtemoc,06479,Hemphill Schools,19.432807,-99.148238
DF,Cuauhtemoc,06500,Cuauhtemoc,19.432807,-99.148238
DF,Cuauhtemoc,06589,Camara Nacional de Aerotransportes,19.432807,-99.148238
DF,Cuauhtemoc,06598,Comision Federal de Electricidad,19.432807,-99.148238
DF,Cuauhtemoc,06599,Telefonos de Mexico S.A. de CV,19.432807,-99.148238
DF,Cuauhtemoc,06600,Juarez,19.432807,-99.148238
DF,Cuauhtemoc,06609,Camara Nacional de Comercio de la DF,19.418215,-99.1647
DF,Cuauhtemoc,06693,Camara Nacional de Transportes y Comunicacion,19.418215,-99.1647
DF,Cuauhtemoc,06696,Secretaria de Salud,19.418215,-99.1647
DF,Cuauhtemoc,06698,IMSS,19.418215,-99.1647
DF,Cuauhtemoc,06699,Secretaria de Gobernacion,19.418215,-99.1647
DF,Cuauhtemoc,06700,Roma Norte,19.418215,-99.1647
DF,Cuauhtemoc,06707,Secretaria de Transportes y Vialidad,19.416915,-99.149032
DF,Cuauhtemoc,06720,Doctores,19.416915,-99.149032
DF,Cuauhtemoc,06725,Centro Medico Siglo XXI,19.416915,-99.149032
DF,Cuauhtemoc,06727,Tesoreria del Distrito Federal,19.416915,-99.149032
DF,Cuauhtemoc,06728,Unidad Soldominio,19.416915,-99.149032
DF,Cuauhtemoc,06729,Hospital General de Mexico,19.416915,-99.149032
DF,Cuauhtemoc,06740,Centro Urbano Benito Juarez,19.416915,-99.149032
DF,Cuauhtemoc,06760,Roma Sur,19.40585,-99.161909
DF,Cuauhtemoc,06780,Buenos Aires,19.405465,-99.150076
DF,Cuauhtemoc,06796,Camara Nacional de la Industria Cinematografica,19.414875,-99.139213
DF,Cuauhtemoc,06798,Partido de La Revolucion Democratica,19.414875,-99.139213
DF,Cuauhtemoc,06800,Obrera,19.414875,-99.139213
DF,Cuauhtemoc,06820,Transito,19.414875,-99.139213
DF,Cuauhtemoc,06840,Esperanza,19.41942,-99.128547
DF,Cuauhtemoc,06850,Asturias,19.404855,-99.130938
DF,Cuauhtemoc,06860,Vista Alegre,19.410575,-99.132954
DF,Cuauhtemoc,06870,Paulino Navarro,19.411205,-99.129552
DF,Cuauhtemoc,06880,Algarin,19.405675,-99.140396
DF,Cuauhtemoc,06890,Ampliacion Asturias,19.405675,-99.140396
DF,Cuauhtemoc,06900,Nonoalco Tlatelolco,19.405675,-99.140396
DF,Cuauhtemoc,06920,San Simon Tolnahuac,19.405675,-99.140396
DF,Cuauhtemoc,06995,Secretaria de Relaciones Exteriores,19.405675,-99.140396
DF,Gustavo A. Madero,07000,Aragon la Villa,19.405675,-99.140396
DF,Gustavo A. Madero,07010,Santa Isabel Tola,19.49725,-99.116164
DF,Gustavo A. Madero,07010,Rosas del Tepeyac,19.49725,-99.116164
DF,Gustavo A. Madero,07010,Tepetates,19.49725,-99.116164
DF,Gustavo A. Madero,07020,Tepeyac Insurgentes,19.486165,-99.121622
DF,Gustavo A. Madero,07040,Santiago Atzacoalco,19.486165,-99.121622
DF,Gustavo A. Madero,07050,Villa Gustavo A. Madero,19.486165,-99.121622
DF,Gustavo A. Madero,07058,15 de Agosto,19.484685,-99.108456
DF,Gustavo A. Madero,07059,Delegacion Politica Gustavo A Madero,19.492637,-99.10865
DF,Gustavo A. Madero,07060,Estanzuela,19.492637,-99.10865
DF,Gustavo A. Madero,07069,Triunfo de La Republica,19.492637,-99.10865
DF,Gustavo A. Madero,07070,La Cruz,19.49219,-99.101144
DF,Gustavo A. Madero,07070,Dinamita,19.49219,-99.101144
DF,Gustavo A. Madero,07070,Martin Carrera,19.49219,-99.101144
DF,Gustavo A. Madero,07080,Gabriel Hernandez,19.5,-99.1
DF,Gustavo A. Madero,07089,Ampliacion Gabriel Hernandez,19.5,-99.1
DF,Gustavo A. Madero,07090,C.T.M. Atzacoalco,19.5,-99.1
DF,Gustavo A. Madero,07090,C.T.M. El Risco,19.5,-99.1
DF,Gustavo A. Madero,07100,San Miguel,19.5,-99.1
DF,Gustavo A. Madero,07100,Cuautepec Barrio Alto,19.5,-99.1
DF,Gustavo A. Madero,07109,San Antonio,19.557875,-99.138072
DF,Gustavo A. Madero,07110,Lomas de Cuautepec,19.570055,-99.137677
DF,Gustavo A. Madero,07119,Malacates,19.57395,-99.13427
DF,Gustavo A. Madero,07119,Ampliacion Malacates,19.57395,-99.13427
DF,Gustavo A. Madero,07130,Compositores Mexicanos,19.56679,-99.141657
DF,Gustavo A. Madero,07130,El Tepetatal,19.56679,-99.141657
DF,Gustavo A. Madero,07140,Forestal,19.56306,-99.137011
DF,Gustavo A. Madero,07140,Arboledas,19.56306,-99.137011
DF,Gustavo A. Madero,07140,Ampliacion Arboledas,19.56306,-99.137011
DF,Gustavo A. Madero,07140,Forestal I,19.56306,-99.137011
DF,Gustavo A. Madero,07144,La Lengüeta,19.56306,-99.137011
DF,Gustavo A. Madero,07144,Forestal II,19.56306,-99.137011
DF,Gustavo A. Madero,07149,Parque Metropolitano,19.56306,-99.137011
DF,Gustavo A. Madero,07150,La Casilda,19.56302,-99.134566
DF,Gustavo A. Madero,07150,Juventino Rosas,19.56302,-99.134566
DF,Gustavo A. Madero,07160,Loma La Palma,19.557755,-99.12578
DF,Gustavo A. Madero,07164,Tlacaelel,19.56133,-99.141389
DF,Gustavo A. Madero,07164,Graciano Sanchez,19.56133,-99.141389
DF,Gustavo A. Madero,07164,Luis Donaldo Colosio,19.56133,-99.141389
DF,Gustavo A. Madero,07164,Prados de Cuautepec,19.56133,-99.141389
DF,Gustavo A. Madero,07170,Palmatitla,19.551675,-99.131315
DF,Gustavo A. Madero,07180,Cocoyotes,19.548685,-99.130478
DF,Gustavo A. Madero,07180,General Felipe Berriozabal,19.548685,-99.130478
DF,Gustavo A. Madero,07180,Ampliacion Cocoyotes,19.548685,-99.130478
DF,Gustavo A. Madero,07183,6 de Junio,19.550335,-99.125201
DF,Gustavo A. Madero,07187,Vista Hermosa,19.548415,-99.12273
DF,Gustavo A. Madero,07188,Tlalpexco,19.54557,-99.126357
DF,Gustavo A. Madero,07189,Ahuehuetes,19.545935,-99.131475
DF,Gustavo A. Madero,07190,Valle de Madero,19.550135,-99.139042
DF,Gustavo A. Madero,07199,Del Carmen,19.550135,-99.139042
DF,Gustavo A. Madero,07200,Cuautepec de Madero,19.544545,-99.137599
DF,Gustavo A. Madero,07207,Del Bosque,19.54515,-99.143488
DF,Gustavo A. Madero,07209,Guadalupe Victoria Cuautepec,19.539665,-99.140797
DF,Gustavo A. Madero,07210,Chalma de Guadalupe,19.55197,-99.15109
DF,Gustavo A. Madero,07214,Ampliacion Chalma de Guadalupe,19.55197,-99.15109
DF,Gustavo A. Madero,07220,Castillo Chico,19.53778,-99.133636
DF,Gustavo A. Madero,07220,Castillo Grande,19.53778,-99.133636
DF,Gustavo A. Madero,07224,Ampliacion Castillo Grande,19.53778,-99.133636
DF,Gustavo A. Madero,07230,Zona Escolar,19.5397,-99.147784
DF,Gustavo A. Madero,07239,Zona Escolar Oriente,19.536085,-99.144709
DF,Gustavo A. Madero,07240,El Arbolillo,19.53572,-99.139735
DF,Gustavo A. Madero,07250,Benito Juarez,19.531245,-99.143066
DF,Gustavo A. Madero,07259,Ampliacion Benito Juarez,19.531245,-99.143066
DF,Gustavo A. Madero,07268,Solidaridad Nacional,19.533785,-99.153667
DF,Gustavo A. Madero,07270,Residencial Acueducto de Guadalupe,19.53057,-99.147916
DF,Gustavo A. Madero,07279,Acueducto de Guadalupe,19.526015,-99.149322
DF,Gustavo A. Madero,07280,Jorge Negrete,19.526015,-99.149322
DF,Gustavo A. Madero,07290,La Pastora,19.52585,-99.136875
DF,Gustavo A. Madero,07300,Lindavista Sur,19.52585,-99.136875
DF,Gustavo A. Madero,07300,Lindavista Norte,19.52585,-99.136875
DF,Gustavo A. Madero,07320,Residencial la Escalera,19.52585,-99.136875
DF,Gustavo A. Madero,07320,La Escalera,19.52585,-99.136875
DF,Gustavo A. Madero,07320,La Purisima Ticoman,19.52585,-99.136875
DF,Gustavo A. Madero,07323,PEMEX Lindavista,19.52585,-99.136875
DF,Gustavo A. Madero,07326,Arroyo de Guadalupe,19.52585,-99.136875
DF,Gustavo A. Madero,07329,Ticoman,19.52585,-99.136875
DF,Gustavo A. Madero,07330,Santa Maria Ticoman,19.51667,-99.13333
DF,Gustavo A. Madero,07340,San Jose Ticoman,19.51667,-99.13333
DF,Gustavo A. Madero,07340,La Laguna Ticoman,19.51667,-99.13333
DF,Gustavo A. Madero,07350,Guadalupe Ticoman,19.51667,-99.13333
DF,Gustavo A. Madero,07350,San Juan y Guadalupe Ticoman,19.51667,-99.13333
DF,Gustavo A. Madero,07360,San Pedro Zacatenco,19.50754,-99.115202
DF,Gustavo A. Madero,07360,Juan de Dios Batiz,19.50754,-99.115202
DF,Gustavo A. Madero,07369,Residencial Zacatenco,19.50754,-99.115202
DF,Gustavo A. Madero,07370,Capultitlan,19.4784,-99.133612
DF,Gustavo A. Madero,07380,Maximino Avila Camacho,19.47406,-99.136618
DF,Gustavo A. Madero,07380,Tlacamaca,19.47406,-99.136618
DF,Gustavo A. Madero,07400,Salvador Diaz Miron,19.48333,-99.1
DF,Gustavo A. Madero,07430,Del Obrero,19.49995,-99.09109
DF,Gustavo A. Madero,07456,Residencial Oriente,19.47804,-99.095903
DF,Gustavo A. Madero,07460,Granjas Modernas,19.478785,-99.102335
DF,Gustavo A. Madero,07469,Constitucion de La Republica,19.48333,-99.1
DF,Gustavo A. Madero,07470,Ampliacion San Juan de Aragon,19.48333,-99.1
DF,Gustavo A. Madero,07480,San Pedro El Chico,19.47133,-99.097317
DF,Gustavo A. Madero,07500,La Pradera,19.475725,-99.067192
DF,Gustavo A. Madero,07509,La Pradera 1a Seccion,19.475725,-99.067192
DF,Gustavo A. Madero,07509,Pradera II Seccion,19.475725,-99.067192
DF,Gustavo A. Madero,07550,Providencia,19.483885,-99.070526
DF,Gustavo A. Madero,07560,Ampliacion Providencia,19.483885,-99.070526
DF,Gustavo A. Madero,07570,Villa de Aragon,19.483885,-99.070526
DF,Gustavo A. Madero,07600,Progreso Nacional,19.5195,-99.157867
DF,Gustavo A. Madero,07620,Santa Rosa,19.52526,-99.170567
DF,Gustavo A. Madero,07630,San Jose de la Escalera,19.52526,-99.170567
DF,Gustavo A. Madero,07640,Santiago Atepetlac,19.52461,-99.160037
DF,Gustavo A. Madero,07650,Ampliacion Progreso Nacional,19.52461,-99.160037
DF,Gustavo A. Madero,07660,Guadalupe,19.52461,-99.160037
DF,Gustavo A. Madero,07670,Guadalupe Proletaria,19.521975,-99.154196
DF,Gustavo A. Madero,07680,Ampliacion Guadalupe Proletaria,19.521975,-99.154196
DF,Gustavo A. Madero,07700,Nueva Industrial Vallejo,19.521975,-99.154196
DF,Gustavo A. Madero,07707,Siete Maravillas,19.51478,-99.143831
DF,Gustavo A. Madero,07708,Torres Lindavista,19.510135,-99.145326
DF,Gustavo A. Madero,07709,Lasalle,19.510135,-99.145326
DF,Gustavo A. Madero,07720,Lindavista Vallejo I Seccion,19.510135,-99.145326
DF,Gustavo A. Madero,07730,Montevideo,19.494355,-99.144323
DF,Gustavo A. Madero,07730,Churubusco Tepeyac,19.494355,-99.144323
DF,Gustavo A. Madero,07730,San Bartolo Atepehuacan,19.494355,-99.144323
DF,Gustavo A. Madero,07738,Instituto Politecnico Nacional,19.495335,-99.141766
DF,Gustavo A. Madero,07739,Planetario Lindavista,19.495335,-99.141766
DF,Gustavo A. Madero,07740,Valle del Tepeyac,19.48812,-99.141458
DF,Gustavo A. Madero,07750,Nueva Vallejo,19.487535,-99.147352
DF,Gustavo A. Madero,07754,Lindavista Vallejo III Seccion,19.487535,-99.147352
DF,Gustavo A. Madero,07755,Lindavista Vallejo II Seccion,19.487535,-99.147352
DF,Gustavo A. Madero,07760,Magdalena de las Salinas,19.48212,-99.146985
DF,Gustavo A. Madero,07770,Panamericana,19.479725,-99.142925
DF,Gustavo A. Madero,07770,Ampliacion Panamericana,19.479725,-99.142925
DF,Gustavo A. Madero,07780,Defensores de La Republica,19.479725,-99.142925
DF,Gustavo A. Madero,07780,Heroe de Nacozari,19.479725,-99.142925
DF,Gustavo A. Madero,07790,Vallejo Poniente,19.47041,-99.139812
DF,Gustavo A. Madero,07790,Guadalupe Victoria,19.47041,-99.139812
DF,Gustavo A. Madero,07800,Industrial,19.47499,-99.12571
DF,Gustavo A. Madero,07810,Estrella,19.475115,-99.116486
DF,Gustavo A. Madero,07820,Aragon Inguaran,19.47181,-99.11151
DF,Gustavo A. Madero,07820,Tres Estrellas,19.47181,-99.11151
DF,Gustavo A. Madero,07840,7 de Noviembre,19.46689,-99.120863
DF,Gustavo A. Madero,07840,Guadalupe Tepeyac,19.46689,-99.120863
DF,Gustavo A. Madero,07850,Faja de Oro,19.466225,-99.104825
DF,Gustavo A. Madero,07850,Bondojito,19.466225,-99.104825
DF,Gustavo A. Madero,07858,Ampliacion Emiliano Zapata,19.465105,-99.107537
DF,Gustavo A. Madero,07859,Ampliacion Martires de Rio Blanco,19.465105,-99.107537
DF,Gustavo A. Madero,07860,La Joyita,19.46477,-99.117438
DF,Gustavo A. Madero,07860,Tablas de San Agustin,19.46477,-99.117438
DF,Gustavo A. Madero,07869,Belisario Dominguez,19.46477,-99.117438
DF,Gustavo A. Madero,07870,Vallejo,19.476,-99.131572
DF,Gustavo A. Madero,07870,Guadalupe Insurgentes,19.476,-99.131572
DF,Gustavo A. Madero,07880,Martires de Rio Blanco,19.46667,-99.11667
DF,Gustavo A. Madero,07889,Emiliano Zapata,19.461285,-99.118403
DF,Gustavo A. Madero,07890,La Joya,19.457875,-99.110563
DF,Gustavo A. Madero,07890,Cuchilla La Joya,19.457875,-99.110563
DF,Gustavo A. Madero,07900,Cuchilla del Tesoro,19.44912,-99.05679
DF,Gustavo A. Madero,07910,San Juan de Aragon VII Seccion,19.44912,-99.05679
DF,Gustavo A. Madero,07918,San Juan de Aragon VI Seccion,19.44912,-99.05679
DF,Gustavo A. Madero,07930,Indeco,19.473435,-99.08994
DF,Gustavo A. Madero,07939,Heroes de Chapultepec,19.473435,-99.08994
DF,Gustavo A. Madero,07960,Fernando Casas Aleman,19.45462,-99.099843
DF,Gustavo A. Madero,07960,Heroes de Cerro Prieto,19.45462,-99.099843
DF,Gustavo A. Madero,07969,San Juan de Aragon I Seccion,19.45462,-99.099843
DF,Gustavo A. Madero,07969,San Juan de Aragon II Seccion,19.45462,-99.099843
DF,Gustavo A. Madero,07970,San Juan de Aragon III Seccion,19.45462,-99.099843
DF,Gustavo A. Madero,07979,San Juan de Aragon IV Seccion,19.45462,-99.099843
DF,Gustavo A. Madero,07979,San Juan de Aragon V Seccion,19.45462,-99.099843
DF,Gustavo A. Madero,07980,Narciso Bassols,19.45604,-99.056541
DF,Gustavo A. Madero,07990,C.T.M. Aragon,19.45604,-99.056541
DF,Miguel Hidalgo,11000,Lomas de Chapultepec I Seccion,19.29534,-99.237588
DF,Miguel Hidalgo,11000,Lomas de Chapultepec IV Seccion,19.29534,-99.237588
DF,Miguel Hidalgo,11000,Lomas de Chapultepec V Seccion,19.29534,-99.237588
DF,Miguel Hidalgo,11000,Lomas de Chapultepec VII Seccion,19.29534,-99.237588
DF,Miguel Hidalgo,11000,Lomas de Chapultepec III Seccion,19.29534,-99.237588
DF,Miguel Hidalgo,11000,Lomas de Chapultepec II Seccion,19.29534,-99.237588
DF,Miguel Hidalgo,11000,Lomas de Chapultepec VIII Seccion,19.29534,-99.237588
DF,Miguel Hidalgo,11000,Lomas de Chapultepec VI Seccion,19.29534,-99.237588
DF,Miguel Hidalgo,11040,Molino del Rey,19.424265,-99.20326
DF,Miguel Hidalgo,11100,Bosque de Chapultepec II Seccion,19.424265,-99.20326
DF,Miguel Hidalgo,11100,Bosque de Chapultepec III Seccion,19.424265,-99.20326
DF,Miguel Hidalgo,11109,Residencia Oficial de los Pinos,19.424265,-99.20326
DF,Miguel Hidalgo,11200,Lomas Hermosa,19.43736,-99.223398
DF,Miguel Hidalgo,11200,Lomas de Sotelo,19.43736,-99.223398
DF,Miguel Hidalgo,11210,San Lorenzo Tlaltenango,19.465295,-99.210621
DF,Miguel Hidalgo,11220,Periodista,19.465295,-99.210621
DF,Miguel Hidalgo,11230,Argentina Poniente,19.465295,-99.210621
DF,Miguel Hidalgo,11239,Mexico Tacuba,19.465295,-99.210621
DF,Miguel Hidalgo,11240,Ignacio Manuel Altamirano,19.463275,-99.196568
DF,Miguel Hidalgo,11250,10 de Abril,19.448475,-99.208307
DF,Miguel Hidalgo,11260,Mexico Nuevo,19.448475,-99.208307
DF,Miguel Hidalgo,11260,San Joaquin,19.448475,-99.208307
DF,Miguel Hidalgo,11270,Argentina Antigua,19.45598,-99.204975
DF,Miguel Hidalgo,11280,Torre Blanca,19.45598,-99.204975
DF,Miguel Hidalgo,11289,Ampliacion Torre Blanca,19.45598,-99.204975
DF,Miguel Hidalgo,11290,Huichapan,19.46197,-99.193783
DF,Miguel Hidalgo,11290,San Diego Ocoyoacac,19.46197,-99.193783
DF,Miguel Hidalgo,11300,Veronica Anzures,19.46197,-99.193783
DF,Miguel Hidalgo,11310,Mariano Escobedo,19.46197,-99.193783
DF,Miguel Hidalgo,11320,Anahuac I Seccion,19.46197,-99.193783
DF,Miguel Hidalgo,11320,Anahuac II Seccion,19.46197,-99.193783
DF,Miguel Hidalgo,11330,Un Hogar Para Nosotros,19.447865,-99.168826
DF,Miguel Hidalgo,11340,Santo Tomas,19.45173,-99.170035
DF,Miguel Hidalgo,11350,Plutarco Elias Calles,19.45173,-99.170035
DF,Miguel Hidalgo,11360,Agricultura,19.45018,-99.165408
DF,Miguel Hidalgo,11370,Tlaxpana,19.44078,-99.169147
DF,Miguel Hidalgo,11400,Popotla,19.453985,-99.180853
DF,Miguel Hidalgo,11410,Tacuba,19.455625,-99.194047
DF,Miguel Hidalgo,11410,Legaria,19.455625,-99.194047
DF,Miguel Hidalgo,11420,Nextitla,19.454821,-99.173799
DF,Miguel Hidalgo,11430,Pensil Norte,19.450285,-99.196978
DF,Miguel Hidalgo,11430,Ventura Perez de Alva,19.450285,-99.196978
DF,Miguel Hidalgo,11440,San Juanico,19.451485,-99.187807
DF,Miguel Hidalgo,11440,Reforma Pensil,19.451485,-99.187807
DF,Miguel Hidalgo,11450,Modelo Pensil,19.450155,-99.192662
DF,Miguel Hidalgo,11450,Peralitos,19.450155,-99.192662
DF,Miguel Hidalgo,11450,Ahuehuetes Anahuac,19.450155,-99.192662
DF,Miguel Hidalgo,11460,Lago Norte,19.447085,-99.187517
DF,Miguel Hidalgo,11460,Lago Sur,19.447085,-99.187517
DF,Miguel Hidalgo,11460,Dos Lagos,19.447085,-99.187517
DF,Miguel Hidalgo,11460,Los Manzanos,19.447085,-99.187517
DF,Miguel Hidalgo,11470,5 de Mayo,19.44833,-99.200189
DF,Miguel Hidalgo,11470,Deportivo Pensil,19.44833,-99.200189
DF,Miguel Hidalgo,11480,Francisco I Madero,19.447725,-99.203731
DF,Miguel Hidalgo,11480,Popo,19.447725,-99.203731
DF,Miguel Hidalgo,11489,Ampliacion Popo,19.4458,-99.200108
DF,Miguel Hidalgo,11490,Cuauhtemoc Pensil,19.44649,-99.197256
DF,Miguel Hidalgo,11490,Pensil Sur,19.44649,-99.197256
DF,Miguel Hidalgo,11500,Irrigacion,19.44649,-99.197256
DF,Miguel Hidalgo,11510,Polanco I Seccion,19.44649,-99.197256
DF,Miguel Hidalgo,11520,Granada,19.441485,-99.197075
DF,Miguel Hidalgo,11529,Ampliacion Granada,19.441485,-99.197075
DF,Miguel Hidalgo,11530,Polanco II Seccion,19.441485,-99.197075
DF,Miguel Hidalgo,11540,Polanco III Seccion,19.441485,-99.197075
DF,Miguel Hidalgo,11550,Polanco IV Seccion,19.441485,-99.197075
DF,Miguel Hidalgo,11560,Polanco V Seccion,19.441485,-99.197075
DF,Miguel Hidalgo,11580,Bosque de Chapultepec I Seccion,19.441485,-99.197075
DF,Miguel Hidalgo,11587,Secretaria de Turismo,19.441485,-99.197075
DF,Miguel Hidalgo,11590,Anzures,19.432415,-99.176686
DF,Miguel Hidalgo,11600,Residencial Militar,19.43624,-99.216082
DF,Miguel Hidalgo,11610,Manuel Avila Camacho,19.43624,-99.216082
DF,Miguel Hidalgo,11619,Campo Militar 1,19.43624,-99.216082
DF,Miguel Hidalgo,11619,Guardias Presidenciales,19.43624,-99.216082
DF,Miguel Hidalgo,11640,Secretaria de la Defensa Nacional,19.43624,-99.216082
DF,Miguel Hidalgo,11649,Hospital Central Militar,19.43624,-99.216082
DF,Miguel Hidalgo,11650,Reforma Social,19.42415,-99.224741
DF,Miguel Hidalgo,11700,Bosque de las Lomas,19.42415,-99.224741
DF,Miguel Hidalgo,11800,Escandon I Seccion,19.42415,-99.224741
DF,Miguel Hidalgo,11800,Escandon II Seccion,19.42415,-99.224741
DF,Miguel Hidalgo,11810,16 de Septiembre,19.403045,-99.204908
DF,Miguel Hidalgo,11820,America,19.403045,-99.204908
DF,Miguel Hidalgo,11830,Daniel Garza,19.40566,-99.198862
DF,Miguel Hidalgo,11840,Ampliacion Daniel Garza,19.40566,-99.198862
DF,Miguel Hidalgo,11850,San Miguel Chapultepec II Seccion,19.40566,-99.198862
DF,Miguel Hidalgo,11850,San Miguel Chapultepec I Seccion,19.40566,-99.198862
DF,Miguel Hidalgo,11860,Observatorio,19.4069,-99.193118
DF,Miguel Hidalgo,11869,Delegacion Politica Miguel Hidalgo,19.4069,-99.193118
DF,Miguel Hidalgo,11870,Tacubaya,19.401725,-99.188494
DF,Miguel Hidalgo,11910,Lomas de Bezares,19.391485,-99.243392
DF,Miguel Hidalgo,11920,Real de las Lomas,19.391485,-99.243392
DF,Miguel Hidalgo,11930,Lomas de Reforma,19.407235,-99.228083
DF,Miguel Hidalgo,11950,Lomas Altas,19.399045,-99.231072
DF,Tlalpan,14000,Tlalpan Centro,19.266363,-99.176486
DF,Tlalpan,14000,Tlalpan,19.266363,-99.176486
DF,Tlalpan,14009,Delegacion Politica Tlalpan,19.266363,-99.176486
DF,Tlalpan,14010,Parque del Pedregal,19.266363,-99.176486
DF,Tlalpan,14017,Camara Nacional de la Industria de la Construccion,19.266363,-99.176486
DF,Tlalpan,14020,Villa Olimpica,19.266363,-99.176486
DF,Tlalpan,14030,Isidro Fabela,19.300845,-99.172315
DF,Tlalpan,14039,Cuitlahuac,19.300845,-99.172315
DF,Tlalpan,14039,Ampliacion Isidro Fabela,19.300845,-99.172315
DF,Tlalpan,14040,Cantera Puente de Piedra,19.298545,-99.165035
DF,Tlalpan,14040,Pueblo Quieto,19.298545,-99.165035
DF,Tlalpan,14049,Comuneros de Santa Ursula,19.298,-99.160641
DF,Tlalpan,14050,Toriello Guerra,19.294585,-99.163219
DF,Tlalpan,14060,Peña Pobre,19.297625,-99.18256
DF,Tlalpan,14070,San Pedro Apostol,19.297625,-99.18256
DF,Tlalpan,14070,Romulo Sanchez Mireles,19.297625,-99.18256
DF,Tlalpan,14070,Paseos de Mendoza,19.297625,-99.18256
DF,Tlalpan,14080,Belisario Dominguez Seccion XVI,19.297625,-99.18256
DF,Tlalpan,14090,La Joya,19.281065,-99.165326
DF,Tlalpan,14098,Torres Tlalpan FOVISSSTE,19.281065,-99.165326
DF,Tlalpan,14100,Pedregal de San Nicolas 3A Seccion,19.281065,-99.165326
DF,Tlalpan,14100,Pedregal de San Nicolas 2A Seccion,19.281065,-99.165326
DF,Tlalpan,14100,Pedregal de San Nicolas 5A Seccion,19.281065,-99.165326
DF,Tlalpan,14100,Pedregal de San Nicolas 1A Seccion,19.281065,-99.165326
DF,Tlalpan,14100,Pedregal de San Nicolas 4A Seccion,19.281065,-99.165326
DF,Tlalpan,14108,Chichicaspatl,19.277489,-99.243141
DF,Tlalpan,14108,Pedregal Chichicaspatl,19.277489,-99.243141
DF,Tlalpan,14110,Ampliacion Fuentes del Pedregal,19.277489,-99.243141
DF,Tlalpan,14120,Rincon del Pedregal,19.277489,-99.243141
DF,Tlalpan,14129,Residencial Pedregal Picacho,19.277489,-99.243141
DF,Tlalpan,14140,Fuentes del Pedregal,19.306175,-99.226513
DF,Tlalpan,14148,Retornos del Pedregal,19.306175,-99.226513
DF,Tlalpan,14150,Lomas del Pedregal Framboyanes,19.306175,-99.226513
DF,Tlalpan,14160,Popular Santa Teresa,19.30074,-99.224259
DF,Tlalpan,14200,Heroes de Padierna,19.28698,-99.21491
DF,Tlalpan,14200,Jardines del Ajusco,19.28698,-99.21491
DF,Tlalpan,14208,Colinas del Ajusco,19.28698,-99.21491
DF,Tlalpan,14209,Torres de Padierna,19.281235,-99.228273
DF,Tlalpan,14210,Jardines en la Montaña,19.301065,-99.208722
DF,Tlalpan,14219,Six Flags (Reino Aventura),19.301065,-99.208722
DF,Tlalpan,14219,Parque Nacional Bosque del Pedregal,19.301065,-99.208722
DF,Tlalpan,14220,Cuchilla de Padierna,19.275365,-99.21846
DF,Tlalpan,14220,Lomas del Pedregal,19.275365,-99.21846
DF,Tlalpan,14230,Cultura Maya,19.27952,-99.224262
DF,Tlalpan,14239,Los Encinos,19.197691,-99.130685
DF,Tlalpan,14240,Lomas de Padierna,19.294015,-99.222973
DF,Tlalpan,14240,Lomas Hidalgo,19.294015,-99.222973
DF,Tlalpan,14248,Cruz del Farol,19.269645,-99.21326
DF,Tlalpan,14250,Miguel Hidalgo 4A Seccion,19.28828,-99.182478
DF,Tlalpan,14250,Miguel Hidalgo,19.28828,-99.182478
DF,Tlalpan,14250,Miguel Hidalgo 3A Seccion,19.28828,-99.182478
DF,Tlalpan,14250,Miguel Hidalgo 2A Seccion,19.28828,-99.182478
DF,Tlalpan,14260,Miguel Hidalgo 1A Seccion,19.28828,-99.182478
DF,Tlalpan,14266,Zacayucan Peña Pobre,19.28828,-99.182478
DF,Tlalpan,14270,Primavera,19.291145,-99.176403
DF,Tlalpan,14275,Paraje 38,19.26363,-99.22904
DF,Tlalpan,14300,Residencial Miramontes,19.299055,-99.129191
DF,Tlalpan,14300,Nueva Oriental Coapa,19.299055,-99.129191
DF,Tlalpan,14300,Residencial Acoxpa,19.299055,-99.129191
DF,Tlalpan,14307,Villa del Sur,19.30085,-99.12251
DF,Tlalpan,14308,Ex Hacienda Coapa,19.298505,-99.124629
DF,Tlalpan,14308,Real del Sur,19.298505,-99.124629
DF,Tlalpan,14309,3 Fuentes,19.298505,-99.124629
DF,Tlalpan,14310,Belisario Dominguez,19.298505,-99.124629
DF,Tlalpan,14310,Floresta Coyoacan,19.298505,-99.124629
DF,Tlalpan,14310,Vergel Tlalpan,19.298505,-99.124629
DF,Tlalpan,14320,Vergel Coapa,19.30258,-99.125941
DF,Tlalpan,14325,Rinconada Coapa 2A Seccion,19.30258,-99.125941
DF,Tlalpan,14326,Tenorios,19.30258,-99.125941
DF,Tlalpan,14328,Villa Valbadena,19.30258,-99.125941
DF,Tlalpan,14330,Residencial Hacienda Coapa,19.294995,-99.116487
DF,Tlalpan,14330,Granjas Coapa,19.294995,-99.116487
DF,Tlalpan,14330,Rinconada Coapa 1A Seccion,19.294995,-99.116487
DF,Tlalpan,14335,Villa del Puente,19.294995,-99.116487
DF,Tlalpan,14336,Villa Cuemanco INFONAVIT,19.294995,-99.116487
DF,Tlalpan,14340,Vergel de Coyoacan,19.298875,-99.13647
DF,Tlalpan,14340,Vergel del Sur,19.298875,-99.13647
DF,Tlalpan,14350,Prado Coapa 1A Seccion,19.298875,-99.13647
DF,Tlalpan,14356,Jardines Villa Coapa,19.30248,-99.133339
DF,Tlalpan,14357,Prado Coapa 2A Seccion,19.30248,-99.133339
DF,Tlalpan,14357,Prado Coapa 3A Seccion,19.30248,-99.133339
DF,Tlalpan,14358,Residencial Villa Prado Coapa,19.30248,-99.133339
DF,Tlalpan,14360,Magisterial Coapa,19.294385,-99.110682
DF,Tlalpan,14360,Magisterial,19.294385,-99.110682
DF,Tlalpan,14370,Villa Lazaro Cardenas,19.294385,-99.110682
DF,Tlalpan,14370,Residencial Chimali,19.294385,-99.110682
DF,Tlalpan,14370,Hacienda de San Juan de Tlalpan 2a Seccion,19.294385,-99.110682
DF,Tlalpan,14370,San Lorenzo Huipulco,19.294385,-99.110682
DF,Tlalpan,14376,Arboledas del Sur,19.29231,-99.138635
DF,Tlalpan,14377,Hacienda San Juan,19.29231,-99.138635
DF,Tlalpan,14378,Rincon de San Juan,19.29231,-99.138635
DF,Tlalpan,14380,A.M.S.A,19.284265,-99.132603
DF,Tlalpan,14380,San Bartolo El Chico,19.284265,-99.132603
DF,Tlalpan,14386,Rancho los Colorines,19.28807,-99.137822
DF,Tlalpan,14387,Ex Hacienda San Juan de Dios,19.288395,-99.131969
DF,Tlalpan,14388,Guadalupe,19.284875,-99.144588
DF,Tlalpan,14389,Arenal de Guadalupe,19.288785,-99.148703
DF,Tlalpan,14390,Narciso Mendoza,19.294395,-99.125717
DF,Tlalpan,14390,Residencial Villa Coapa,19.294395,-99.125717
DF,Tlalpan,14390,Villa Coapa,19.294395,-99.125717
DF,Tlalpan,14390,Rinconada Las Hadas,19.294395,-99.125717
DF,Tlalpan,14399,Villa Royale,19.294395,-99.125717
DF,Tlalpan,14400,San Andres Totoltepec,19.25113,-99.17288
DF,Tlalpan,14406,Divisadero,19.25113,-99.17288
DF,Tlalpan,14408,Nuevo Renacimiento de Axalco,19.256995,-99.163288
DF,Tlalpan,14409,Tecorral,19.261515,-99.169171
DF,Tlalpan,14410,Fuentes Brotantes,19.261515,-99.169171
DF,Tlalpan,14420,Cumbres de Tepetongo,19.261515,-99.169171
DF,Tlalpan,14420,Santa Ursula Xitla,19.261515,-99.169171
DF,Tlalpan,14420,Mesa de los Hornos,19.261515,-99.169171
DF,Tlalpan,14426,Tlaxcaltenco la Mesa,19.2751,-99.186875
DF,Tlalpan,14426,Texcaltenco,19.2751,-99.186875
DF,Tlalpan,14427,San Juan Tepeximilpa,19.271395,-99.190807
DF,Tlalpan,14427,Tepeximilpa la Paz,19.271395,-99.190807
DF,Tlalpan,14428,Cantera,19.279615,-99.182983
DF,Tlalpan,14429,Santisima Trinidad,19.279615,-99.182983
DF,Tlalpan,14439,Pedregal de las Aguilas,19.27567,-99.172278
DF,Tlalpan,14449,El Mirador 3A Seccion,19.26943,-99.174181
DF,Tlalpan,14449,El Mirador 1A Seccion,19.26943,-99.174181
DF,Tlalpan,14449,El Mirador 2A Seccion,19.26943,-99.174181
DF,Tlalpan,14450,Jardines de Xitle,19.26943,-99.174181
DF,Tlalpan,14460,Tlalpuente,19.2497,-99.186158
DF,Tlalpan,14470,Plan de Ayala,19.2497,-99.186158
DF,Tlalpan,14476,La Palma,19.245055,-99.15932
DF,Tlalpan,14479,Viveros Coatectlan,19.245055,-99.15932
DF,Tlalpan,14480,La Magdalena Petlacalco,19.245055,-99.15932
DF,Tlalpan,14490,San Miguel Xicalco,19.23288,-99.162801
DF,Tlalpan,14500,San Miguel Topilejo,19.201117,-99.145891
DF,Tlalpan,14600,Valle Escondido,19.27635,-99.146909
DF,Tlalpan,14608,Colinas del Bosque,19.28082,-99.145601
DF,Tlalpan,14609,Las Tortolas,19.28082,-99.145601
DF,Tlalpan,14610,Arenal Tepepan,19.28515,-99.15093
DF,Tlalpan,14620,Club de Golf Mexico,19.28515,-99.15093
DF,Tlalpan,14629,San Buenaventura,19.28515,-99.15093
DF,Tlalpan,14630,Villa Tlalpan,19.277735,-99.164354
DF,Tlalpan,14630,Chimalcoyoc,19.277735,-99.164354
DF,Tlalpan,14640,Ejidos de San Pedro Martir,19.277735,-99.164354
DF,Tlalpan,14643,Fuentes de Tepepan,19.267135,-99.151199
DF,Tlalpan,14646,Valle de Tepepan,19.27068,-99.147434
DF,Tlalpan,14647,Juventud Unida,19.27068,-99.147434
DF,Tlalpan,14647,Rinconada El Mirador,19.27068,-99.147434
DF,Tlalpan,14647,Movimiento Organizado de Tlalpan,19.27068,-99.147434
DF,Tlalpan,14650,San Pedro Martir,19.27068,-99.147434
DF,Tlalpan,14653,Heroico Colegio Militar,19.27068,-99.147434
DF,Tlalpan,14657,Tlalmille,19.258435,-99.187154
DF,Tlalpan,14658,Mirador del Valle,19.25951,-99.180725
DF,Tlalpan,14659,Maria Esther Zuno de Echeverria,19.25951,-99.180725
DF,Tlalpan,14700,San Miguel Ajusco,19.219768,-99.208831
DF,Tlalpan,14710,Santo Tomas Ajusco,19.218206,-99.209801
DF,Tlalpan,14720,Belvedere Ajusco,19.218206,-99.209801
DF,Tlalpan,14730,Lomas de Cuilotepec,19.271695,-99.23295
DF,Tlalpan,14737,Vistas del Pedregal,19.27188,-99.235351
DF,Tlalpan,14738,Bosques del Pedregal,19.269695,-99.239818
DF,Tlalpan,14739,2 de Octubre,19.271225,-99.230106
DF,Tlalpan,14740,Lomas de Padierna Sur,19.271225,-99.230106
DF,Tlalpan,14748,Mirador I,19.271225,-99.230106
DF,Tlalpan,14748,Mirador II,19.271225,-99.230106
DF,Tlalpan,14749,Chimilli,19.27018,-99.219244
DF,Tlalpan,14760,Heroes de 1910,19.259722,-99.244722
DF,Tlalpan,14900,Parres El Guarda,19.12923,-99.176946
DF,Venustiano Carranza,15000,General Ignacio Zaragoza,19.12923,-99.176946
DF,Venustiano Carranza,15010,Valentin Gomez Farias,19.12923,-99.176946
DF,Venustiano Carranza,15020,Puebla,19.409955,-99.08239
DF,Venustiano Carranza,15100,Zona Centro,19.409955,-99.08239
DF,Venustiano Carranza,15120,Candelaria de los Patos FOVISSSTE,19.409955,-99.08239
DF,Venustiano Carranza,15200,Janitzio,19.44711,-99.117579
DF,Venustiano Carranza,15210,Valle Gomez,19.44711,-99.117579
DF,Venustiano Carranza,15220,Nicolas Bravo,19.45285,-99.118705
DF,Venustiano Carranza,15220,Popular Rastro,19.45285,-99.118705
DF,Venustiano Carranza,15230,Emilio Carranza,19.44861,-99.120147
DF,Venustiano Carranza,15240,Michoacana,19.445085,-99.114433
DF,Venustiano Carranza,15250,Ampliacion Michoacana,19.445085,-99.114433
DF,Venustiano Carranza,15270,Morelos,19.44344,-99.120161
DF,Venustiano Carranza,15280,Penitenciaria,19.43622,-99.116719
DF,Venustiano Carranza,15290,10 de Mayo,19.43338,-99.117153
DF,Venustiano Carranza,15309,5o Tramo 20 de Noviembre,19.44447,-99.109
DF,Venustiano Carranza,15310,Felipe Angeles,19.44447,-99.109
DF,Venustiano Carranza,15380,Escuela de Tiro,19.43309,-99.11261
DF,Venustiano Carranza,15390,7 de Julio,19.42994,-99.11316
DF,Venustiano Carranza,15400,Romero Rubio,19.441645,-99.096978
DF,Venustiano Carranza,15410,Simon Bolivar,19.441645,-99.096978
DF,Venustiano Carranza,15430,Aquiles Serdan,19.441645,-99.096978
DF,Venustiano Carranza,15510,Pensador Mexicano,19.444255,-99.081085
DF,Venustiano Carranza,15520,Peñon de los Baños,19.444255,-99.081085
DF,Venustiano Carranza,15540,Santa Cruz Aviacion,19.444255,-99.081085
DF,Venustiano Carranza,15600,Arenal 1a Seccion,19.444255,-99.081085
DF,Venustiano Carranza,15610,Cuchilla Pantitlan,19.444255,-99.081085
DF,Venustiano Carranza,15620,Mexico (Lic. Benito Juarez),19.42614,-99.06974
DF,Venustiano Carranza,15630,Caracol,19.42614,-99.06974
DF,Venustiano Carranza,15640,Arenal 4a Seccion,19.42614,-99.06974
DF,Venustiano Carranza,15640,Arenal Puerto Aereo,19.42614,-99.06974
DF,Venustiano Carranza,15650,Ampliacion Caracol,19.42614,-99.06974
DF,Venustiano Carranza,15660,Arenal 3a Seccion,19.42614,-99.06974
DF,Venustiano Carranza,15670,Adolfo Lopez Mateos,19.42614,-99.06974
DF,Venustiano Carranza,15680,Arenal 2a Seccion,19.42614,-99.06974
DF,Venustiano Carranza,15700,Federal,19.420805,-99.087484
DF,Venustiano Carranza,15710,Industrial Puerto Aereo,19.420805,-99.087484
DF,Venustiano Carranza,15730,4 Arboles,19.420805,-99.087484
DF,Venustiano Carranza,15740,Aviacion Civil,19.420805,-99.087484
DF,Venustiano Carranza,15750,Ampliacion Aviacion Civil,19.420805,-99.087484
DF,Venustiano Carranza,15800,Jamaica,19.406665,-99.12384
DF,Venustiano Carranza,15810,Merced Balbuena,19.420305,-99.124024
DF,Venustiano Carranza,15820,Lorenzo Boturini,19.416065,-99.124635
DF,Venustiano Carranza,15830,Artes Graficas,19.416065,-99.124635
DF,Venustiano Carranza,15840,Sevilla,19.41077,-99.123048
DF,Venustiano Carranza,15850,Magdalena Mixiuhca,19.41077,-99.123048
DF,Venustiano Carranza,15860,Pueblo de La Magdalena Mixiuhca,19.41077,-99.123048
DF,Venustiano Carranza,15870,Aaron Saenz,19.41077,-99.123048
DF,Venustiano Carranza,15900,Jardin Balbuena,19.41077,-99.123048
DF,Venustiano Carranza,15909,Delegacion Politica Venustiano Carranza,19.41077,-99.123048
DF,Venustiano Carranza,15950,Unidad Kennedy,19.41077,-99.123048
DF,Venustiano Carranza,15960,Del Parque,19.418935,-99.11906
DF,Venustiano Carranza,15968,Tribunales de La Suprema Corte de Justicia,19.42444,-99.11737
DF,Venustiano Carranza,15970,Aeronautica Militar,19.42444,-99.11737
DF,Venustiano Carranza,15980,24 de Abril,19.41536,-99.11657
DF,Venustiano Carranza,15990,Alvaro Obregon,19.41536,-99.11657
Estado de Mexico,Huixquilucan,52760,San Miguel,19.375897,-99.324538
Estado de Mexico,Huixquilucan,52763,Villa Florence,19.392158,-99.288996
Estado de Mexico,Huixquilucan,52783,Rinconada de la Herradura,19.42588,-99.26009
Estado de Mexico,Huixquilucan,52783,Bosques de la Herradura,19.42588,-99.26009
Estado de Mexico,Huixquilucan,52784,La Herradura Seccion II,19.416487,-99.254489
Estado de Mexico,Huixquilucan,52784,La Herradura Seccion III,19.416487,-99.254489
Estado de Mexico,Huixquilucan,52784,La Herradura,19.416487,-99.254489
Estado de Mexico,Huixquilucan,52784,La Herradura Seccion I,19.416487,-99.254489
Estado de Mexico,Huixquilucan,52785,Balcones de la Herradura,19.4223,-99.256716
Estado de Mexico,Huixquilucan,52787,Valle de las Palmas,19.40593,-99.276709
Estado de Mexico,Huixquilucan,52787,Bosques de las Palmas,19.40593,-99.276709
Estado de Mexico,Huixquilucan,52787,Interlomas,19.40593,-99.276709
Estado de Mexico,Huixquilucan,52789,Lomas del Sol,19.389105,-99.273846
